{
  "best_metric": null,
  "best_model_checkpoint": null,
  "epoch": 0.11446512084246328,
  "eval_steps": 500,
  "global_step": 3500,
  "is_hyper_param_search": false,
  "is_local_process_zero": true,
  "is_world_process_zero": true,
  "log_history": [
    {
      "epoch": 0.02,
      "learning_rate": 4.972746399799414e-05,
      "loss": 0.5198,
      "step": 500
    },
    {
      "epoch": 0.03,
      "learning_rate": 4.945492799598827e-05,
      "loss": 0.5235,
      "step": 1000
    },
    {
      "epoch": 0.05,
      "learning_rate": 4.918239199398241e-05,
      "loss": 0.5094,
      "step": 1500
    },
    {
      "epoch": 0.07,
      "learning_rate": 4.890985599197654e-05,
      "loss": 0.5045,
      "step": 2000
    },
    {
      "epoch": 0.08,
      "learning_rate": 4.863731998997067e-05,
      "loss": 0.5033,
      "step": 2500
    },
    {
      "epoch": 0.1,
      "learning_rate": 4.836478398796481e-05,
      "loss": 0.5161,
      "step": 3000
    },
    {
      "epoch": 0.11,
      "learning_rate": 4.809224798595895e-05,
      "loss": 0.517,
      "step": 3500
    }
  ],
  "logging_steps": 500,
  "max_steps": 91731,
  "num_train_epochs": 3,
  "save_steps": 500,
  "total_flos": 1854576654336000.0,
  "trial_name": null,
  "trial_params": null
}
