{
  "best_metric": null,
  "best_model_checkpoint": null,
  "epoch": 0.1962259214442228,
  "eval_steps": 500,
  "global_step": 6000,
  "is_hyper_param_search": false,
  "is_local_process_zero": true,
  "is_world_process_zero": true,
  "log_history": [
    {
      "epoch": 0.02,
      "learning_rate": 4.972746399799414e-05,
      "loss": 0.5198,
      "step": 500
    },
    {
      "epoch": 0.03,
      "learning_rate": 4.945492799598827e-05,
      "loss": 0.5235,
      "step": 1000
    },
    {
      "epoch": 0.05,
      "learning_rate": 4.918239199398241e-05,
      "loss": 0.5094,
      "step": 1500
    },
    {
      "epoch": 0.07,
      "learning_rate": 4.890985599197654e-05,
      "loss": 0.5045,
      "step": 2000
    },
    {
      "epoch": 0.08,
      "learning_rate": 4.863731998997067e-05,
      "loss": 0.5033,
      "step": 2500
    },
    {
      "epoch": 0.1,
      "learning_rate": 4.836478398796481e-05,
      "loss": 0.5161,
      "step": 3000
    },
    {
      "epoch": 0.11,
      "learning_rate": 4.809224798595895e-05,
      "loss": 0.517,
      "step": 3500
    },
    {
      "epoch": 0.13,
      "learning_rate": 4.781971198395308e-05,
      "loss": 0.5049,
      "step": 4000
    },
    {
      "epoch": 0.15,
      "learning_rate": 4.754717598194722e-05,
      "loss": 0.5064,
      "step": 4500
    },
    {
      "epoch": 0.16,
      "learning_rate": 4.727463997994135e-05,
      "loss": 0.5095,
      "step": 5000
    },
    {
      "epoch": 0.18,
      "learning_rate": 4.700210397793548e-05,
      "loss": 0.5253,
      "step": 5500
    },
    {
      "epoch": 0.2,
      "learning_rate": 4.672956797592962e-05,
      "loss": 0.5135,
      "step": 6000
    }
  ],
  "logging_steps": 500,
  "max_steps": 91731,
  "num_train_epochs": 3,
  "save_steps": 500,
  "total_flos": 3179274264576000.0,
  "trial_name": null,
  "trial_params": null
}
