{
  "best_metric": null,
  "best_model_checkpoint": null,
  "epoch": 0.0163521601203519,
  "eval_steps": 500,
  "global_step": 500,
  "is_hyper_param_search": false,
  "is_local_process_zero": true,
  "is_world_process_zero": true,
  "log_history": [
    {
      "epoch": 0.02,
      "learning_rate": 4.972746399799414e-05,
      "loss": 0.5198,
      "step": 500
    }
  ],
  "logging_steps": 500,
  "max_steps": 91731,
  "num_train_epochs": 3,
  "save_steps": 500,
  "total_flos": 264939522048000.0,
  "trial_name": null,
  "trial_params": null
}
