{
  "best_metric": null,
  "best_model_checkpoint": null,
  "epoch": 2.1094286555253947,
  "eval_steps": 500,
  "global_step": 64500,
  "is_hyper_param_search": false,
  "is_local_process_zero": true,
  "is_world_process_zero": true,
  "log_history": [
    {
      "epoch": 0.02,
      "learning_rate": 4.972746399799414e-05,
      "loss": 0.5198,
      "step": 500
    },
    {
      "epoch": 0.03,
      "learning_rate": 4.945492799598827e-05,
      "loss": 0.5235,
      "step": 1000
    },
    {
      "epoch": 0.05,
      "learning_rate": 4.918239199398241e-05,
      "loss": 0.5094,
      "step": 1500
    },
    {
      "epoch": 0.07,
      "learning_rate": 4.890985599197654e-05,
      "loss": 0.5045,
      "step": 2000
    },
    {
      "epoch": 0.08,
      "learning_rate": 4.863731998997067e-05,
      "loss": 0.5033,
      "step": 2500
    },
    {
      "epoch": 0.1,
      "learning_rate": 4.836478398796481e-05,
      "loss": 0.5161,
      "step": 3000
    },
    {
      "epoch": 0.11,
      "learning_rate": 4.809224798595895e-05,
      "loss": 0.517,
      "step": 3500
    },
    {
      "epoch": 0.13,
      "learning_rate": 4.781971198395308e-05,
      "loss": 0.5049,
      "step": 4000
    },
    {
      "epoch": 0.15,
      "learning_rate": 4.754717598194722e-05,
      "loss": 0.5064,
      "step": 4500
    },
    {
      "epoch": 0.16,
      "learning_rate": 4.727463997994135e-05,
      "loss": 0.5095,
      "step": 5000
    },
    {
      "epoch": 0.18,
      "learning_rate": 4.700210397793548e-05,
      "loss": 0.5253,
      "step": 5500
    },
    {
      "epoch": 0.2,
      "learning_rate": 4.672956797592962e-05,
      "loss": 0.5135,
      "step": 6000
    },
    {
      "epoch": 0.21,
      "learning_rate": 4.645703197392376e-05,
      "loss": 0.5133,
      "step": 6500
    },
    {
      "epoch": 0.23,
      "learning_rate": 4.618449597191789e-05,
      "loss": 0.5175,
      "step": 7000
    },
    {
      "epoch": 0.25,
      "learning_rate": 4.591195996991203e-05,
      "loss": 0.515,
      "step": 7500
    },
    {
      "epoch": 0.26,
      "learning_rate": 4.563942396790617e-05,
      "loss": 0.5117,
      "step": 8000
    },
    {
      "epoch": 0.28,
      "learning_rate": 4.53668879659003e-05,
      "loss": 0.5087,
      "step": 8500
    },
    {
      "epoch": 0.29,
      "learning_rate": 4.509435196389443e-05,
      "loss": 0.5139,
      "step": 9000
    },
    {
      "epoch": 0.31,
      "learning_rate": 4.482181596188857e-05,
      "loss": 0.5124,
      "step": 9500
    },
    {
      "epoch": 0.33,
      "learning_rate": 4.45492799598827e-05,
      "loss": 0.5035,
      "step": 10000
    },
    {
      "epoch": 0.34,
      "learning_rate": 4.427674395787684e-05,
      "loss": 0.5234,
      "step": 10500
    },
    {
      "epoch": 0.36,
      "learning_rate": 4.4004207955870976e-05,
      "loss": 0.5142,
      "step": 11000
    },
    {
      "epoch": 0.38,
      "learning_rate": 4.373167195386511e-05,
      "loss": 0.5128,
      "step": 11500
    },
    {
      "epoch": 0.39,
      "learning_rate": 4.3459135951859245e-05,
      "loss": 0.5184,
      "step": 12000
    },
    {
      "epoch": 0.41,
      "learning_rate": 4.318659994985338e-05,
      "loss": 0.512,
      "step": 12500
    },
    {
      "epoch": 0.43,
      "learning_rate": 4.291406394784751e-05,
      "loss": 0.5288,
      "step": 13000
    },
    {
      "epoch": 0.44,
      "learning_rate": 4.264152794584165e-05,
      "loss": 0.514,
      "step": 13500
    },
    {
      "epoch": 0.46,
      "learning_rate": 4.2368991943835785e-05,
      "loss": 0.5074,
      "step": 14000
    },
    {
      "epoch": 0.47,
      "learning_rate": 4.2096455941829916e-05,
      "loss": 0.5187,
      "step": 14500
    },
    {
      "epoch": 0.49,
      "learning_rate": 4.1823919939824055e-05,
      "loss": 0.5129,
      "step": 15000
    },
    {
      "epoch": 0.51,
      "learning_rate": 4.1551383937818186e-05,
      "loss": 0.5272,
      "step": 15500
    },
    {
      "epoch": 0.52,
      "learning_rate": 4.127884793581232e-05,
      "loss": 0.5186,
      "step": 16000
    },
    {
      "epoch": 0.54,
      "learning_rate": 4.1006311933806456e-05,
      "loss": 0.5117,
      "step": 16500
    },
    {
      "epoch": 0.56,
      "learning_rate": 4.0733775931800594e-05,
      "loss": 0.5164,
      "step": 17000
    },
    {
      "epoch": 0.57,
      "learning_rate": 4.0461239929794725e-05,
      "loss": 0.5261,
      "step": 17500
    },
    {
      "epoch": 0.59,
      "learning_rate": 4.0188703927788864e-05,
      "loss": 0.5204,
      "step": 18000
    },
    {
      "epoch": 0.61,
      "learning_rate": 3.9916167925783e-05,
      "loss": 0.5117,
      "step": 18500
    },
    {
      "epoch": 0.62,
      "learning_rate": 3.964363192377713e-05,
      "loss": 0.5138,
      "step": 19000
    },
    {
      "epoch": 0.64,
      "learning_rate": 3.9371095921771265e-05,
      "loss": 0.515,
      "step": 19500
    },
    {
      "epoch": 0.65,
      "learning_rate": 3.90985599197654e-05,
      "loss": 0.5099,
      "step": 20000
    },
    {
      "epoch": 0.67,
      "learning_rate": 3.8826023917759534e-05,
      "loss": 0.5307,
      "step": 20500
    },
    {
      "epoch": 0.69,
      "learning_rate": 3.855348791575367e-05,
      "loss": 0.5262,
      "step": 21000
    },
    {
      "epoch": 0.7,
      "learning_rate": 3.828095191374781e-05,
      "loss": 0.5238,
      "step": 21500
    },
    {
      "epoch": 0.72,
      "learning_rate": 3.800841591174194e-05,
      "loss": 0.5174,
      "step": 22000
    },
    {
      "epoch": 0.74,
      "learning_rate": 3.7735879909736074e-05,
      "loss": 0.511,
      "step": 22500
    },
    {
      "epoch": 0.75,
      "learning_rate": 3.746334390773021e-05,
      "loss": 0.5205,
      "step": 23000
    },
    {
      "epoch": 0.77,
      "learning_rate": 3.7190807905724344e-05,
      "loss": 0.5136,
      "step": 23500
    },
    {
      "epoch": 0.78,
      "learning_rate": 3.691827190371848e-05,
      "loss": 0.5165,
      "step": 24000
    },
    {
      "epoch": 0.8,
      "learning_rate": 3.664573590171262e-05,
      "loss": 0.52,
      "step": 24500
    },
    {
      "epoch": 0.82,
      "learning_rate": 3.637319989970675e-05,
      "loss": 0.5213,
      "step": 25000
    },
    {
      "epoch": 0.83,
      "learning_rate": 3.610066389770089e-05,
      "loss": 0.5175,
      "step": 25500
    },
    {
      "epoch": 0.85,
      "learning_rate": 3.582812789569502e-05,
      "loss": 0.5161,
      "step": 26000
    },
    {
      "epoch": 0.87,
      "learning_rate": 3.555559189368916e-05,
      "loss": 0.5129,
      "step": 26500
    },
    {
      "epoch": 0.88,
      "learning_rate": 3.528305589168329e-05,
      "loss": 0.5223,
      "step": 27000
    },
    {
      "epoch": 0.9,
      "learning_rate": 3.501051988967743e-05,
      "loss": 0.515,
      "step": 27500
    },
    {
      "epoch": 0.92,
      "learning_rate": 3.473798388767157e-05,
      "loss": 0.5116,
      "step": 28000
    },
    {
      "epoch": 0.93,
      "learning_rate": 3.44654478856657e-05,
      "loss": 0.5219,
      "step": 28500
    },
    {
      "epoch": 0.95,
      "learning_rate": 3.419291188365984e-05,
      "loss": 0.518,
      "step": 29000
    },
    {
      "epoch": 0.96,
      "learning_rate": 3.392037588165397e-05,
      "loss": 0.5144,
      "step": 29500
    },
    {
      "epoch": 0.98,
      "learning_rate": 3.36478398796481e-05,
      "loss": 0.5208,
      "step": 30000
    },
    {
      "epoch": 1.0,
      "learning_rate": 3.337530387764224e-05,
      "loss": 0.5085,
      "step": 30500
    },
    {
      "epoch": 1.01,
      "learning_rate": 3.3102767875636376e-05,
      "loss": 0.4765,
      "step": 31000
    },
    {
      "epoch": 1.03,
      "learning_rate": 3.283023187363051e-05,
      "loss": 0.4553,
      "step": 31500
    },
    {
      "epoch": 1.05,
      "learning_rate": 3.2557695871624646e-05,
      "loss": 0.4561,
      "step": 32000
    },
    {
      "epoch": 1.06,
      "learning_rate": 3.228515986961878e-05,
      "loss": 0.4472,
      "step": 32500
    },
    {
      "epoch": 1.08,
      "learning_rate": 3.201262386761291e-05,
      "loss": 0.4497,
      "step": 33000
    },
    {
      "epoch": 1.1,
      "learning_rate": 3.174008786560705e-05,
      "loss": 0.4475,
      "step": 33500
    },
    {
      "epoch": 1.11,
      "learning_rate": 3.1467551863601185e-05,
      "loss": 0.4598,
      "step": 34000
    },
    {
      "epoch": 1.13,
      "learning_rate": 3.119501586159532e-05,
      "loss": 0.4575,
      "step": 34500
    },
    {
      "epoch": 1.14,
      "learning_rate": 3.0922479859589455e-05,
      "loss": 0.4535,
      "step": 35000
    },
    {
      "epoch": 1.16,
      "learning_rate": 3.0649943857583593e-05,
      "loss": 0.4622,
      "step": 35500
    },
    {
      "epoch": 1.18,
      "learning_rate": 3.037740785557772e-05,
      "loss": 0.4684,
      "step": 36000
    },
    {
      "epoch": 1.19,
      "learning_rate": 3.010487185357186e-05,
      "loss": 0.4511,
      "step": 36500
    },
    {
      "epoch": 1.21,
      "learning_rate": 2.9832335851565995e-05,
      "loss": 0.4621,
      "step": 37000
    },
    {
      "epoch": 1.23,
      "learning_rate": 2.9559799849560126e-05,
      "loss": 0.4543,
      "step": 37500
    },
    {
      "epoch": 1.24,
      "learning_rate": 2.9287263847554264e-05,
      "loss": 0.4578,
      "step": 38000
    },
    {
      "epoch": 1.26,
      "learning_rate": 2.90147278455484e-05,
      "loss": 0.4656,
      "step": 38500
    },
    {
      "epoch": 1.28,
      "learning_rate": 2.874219184354253e-05,
      "loss": 0.4515,
      "step": 39000
    },
    {
      "epoch": 1.29,
      "learning_rate": 2.846965584153667e-05,
      "loss": 0.4362,
      "step": 39500
    },
    {
      "epoch": 1.31,
      "learning_rate": 2.8197119839530807e-05,
      "loss": 0.4536,
      "step": 40000
    },
    {
      "epoch": 1.32,
      "learning_rate": 2.792458383752494e-05,
      "loss": 0.446,
      "step": 40500
    },
    {
      "epoch": 1.34,
      "learning_rate": 2.7652047835519073e-05,
      "loss": 0.4494,
      "step": 41000
    },
    {
      "epoch": 1.36,
      "learning_rate": 2.737951183351321e-05,
      "loss": 0.4505,
      "step": 41500
    },
    {
      "epoch": 1.37,
      "learning_rate": 2.7106975831507343e-05,
      "loss": 0.4581,
      "step": 42000
    },
    {
      "epoch": 1.39,
      "learning_rate": 2.6834439829501478e-05,
      "loss": 0.452,
      "step": 42500
    },
    {
      "epoch": 1.41,
      "learning_rate": 2.6561903827495616e-05,
      "loss": 0.4581,
      "step": 43000
    },
    {
      "epoch": 1.42,
      "learning_rate": 2.6289367825489748e-05,
      "loss": 0.4524,
      "step": 43500
    },
    {
      "epoch": 1.44,
      "learning_rate": 2.6016831823483882e-05,
      "loss": 0.4472,
      "step": 44000
    },
    {
      "epoch": 1.46,
      "learning_rate": 2.574429582147802e-05,
      "loss": 0.4519,
      "step": 44500
    },
    {
      "epoch": 1.47,
      "learning_rate": 2.5471759819472152e-05,
      "loss": 0.4575,
      "step": 45000
    },
    {
      "epoch": 1.49,
      "learning_rate": 2.519922381746629e-05,
      "loss": 0.4522,
      "step": 45500
    },
    {
      "epoch": 1.5,
      "learning_rate": 2.4926687815460422e-05,
      "loss": 0.4449,
      "step": 46000
    },
    {
      "epoch": 1.52,
      "learning_rate": 2.465415181345456e-05,
      "loss": 0.4532,
      "step": 46500
    },
    {
      "epoch": 1.54,
      "learning_rate": 2.4381615811448695e-05,
      "loss": 0.4565,
      "step": 47000
    },
    {
      "epoch": 1.55,
      "learning_rate": 2.4109079809442826e-05,
      "loss": 0.4591,
      "step": 47500
    },
    {
      "epoch": 1.57,
      "learning_rate": 2.3836543807436965e-05,
      "loss": 0.4556,
      "step": 48000
    },
    {
      "epoch": 1.59,
      "learning_rate": 2.35640078054311e-05,
      "loss": 0.4579,
      "step": 48500
    },
    {
      "epoch": 1.6,
      "learning_rate": 2.3291471803425234e-05,
      "loss": 0.4509,
      "step": 49000
    },
    {
      "epoch": 1.62,
      "learning_rate": 2.301893580141937e-05,
      "loss": 0.4591,
      "step": 49500
    },
    {
      "epoch": 1.64,
      "learning_rate": 2.2746399799413504e-05,
      "loss": 0.4627,
      "step": 50000
    },
    {
      "epoch": 1.65,
      "learning_rate": 2.247386379740764e-05,
      "loss": 0.4584,
      "step": 50500
    },
    {
      "epoch": 1.67,
      "learning_rate": 2.2201327795401774e-05,
      "loss": 0.4532,
      "step": 51000
    },
    {
      "epoch": 1.68,
      "learning_rate": 2.192879179339591e-05,
      "loss": 0.4581,
      "step": 51500
    },
    {
      "epoch": 1.7,
      "learning_rate": 2.1656255791390043e-05,
      "loss": 0.4537,
      "step": 52000
    },
    {
      "epoch": 1.72,
      "learning_rate": 2.1383719789384178e-05,
      "loss": 0.4534,
      "step": 52500
    },
    {
      "epoch": 1.73,
      "learning_rate": 2.1111183787378313e-05,
      "loss": 0.4643,
      "step": 53000
    },
    {
      "epoch": 1.75,
      "learning_rate": 2.0838647785372448e-05,
      "loss": 0.4706,
      "step": 53500
    },
    {
      "epoch": 1.77,
      "learning_rate": 2.0566111783366586e-05,
      "loss": 0.4577,
      "step": 54000
    },
    {
      "epoch": 1.78,
      "learning_rate": 2.0293575781360718e-05,
      "loss": 0.4556,
      "step": 54500
    },
    {
      "epoch": 1.8,
      "learning_rate": 2.0021039779354852e-05,
      "loss": 0.4615,
      "step": 55000
    },
    {
      "epoch": 1.82,
      "learning_rate": 1.974850377734899e-05,
      "loss": 0.4625,
      "step": 55500
    },
    {
      "epoch": 1.83,
      "learning_rate": 1.9475967775343122e-05,
      "loss": 0.4691,
      "step": 56000
    },
    {
      "epoch": 1.85,
      "learning_rate": 1.9203431773337257e-05,
      "loss": 0.4683,
      "step": 56500
    },
    {
      "epoch": 1.86,
      "learning_rate": 1.8930895771331395e-05,
      "loss": 0.4642,
      "step": 57000
    },
    {
      "epoch": 1.88,
      "learning_rate": 1.865835976932553e-05,
      "loss": 0.4634,
      "step": 57500
    },
    {
      "epoch": 1.9,
      "learning_rate": 1.838582376731966e-05,
      "loss": 0.4677,
      "step": 58000
    },
    {
      "epoch": 1.91,
      "learning_rate": 1.81132877653138e-05,
      "loss": 0.456,
      "step": 58500
    },
    {
      "epoch": 1.93,
      "learning_rate": 1.7840751763307935e-05,
      "loss": 0.463,
      "step": 59000
    },
    {
      "epoch": 1.95,
      "learning_rate": 1.7568215761302066e-05,
      "loss": 0.4579,
      "step": 59500
    },
    {
      "epoch": 1.96,
      "learning_rate": 1.7295679759296204e-05,
      "loss": 0.467,
      "step": 60000
    },
    {
      "epoch": 1.98,
      "learning_rate": 1.702314375729034e-05,
      "loss": 0.4674,
      "step": 60500
    },
    {
      "epoch": 1.99,
      "learning_rate": 1.6750607755284474e-05,
      "loss": 0.4539,
      "step": 61000
    },
    {
      "epoch": 2.01,
      "learning_rate": 1.647807175327861e-05,
      "loss": 0.4092,
      "step": 61500
    },
    {
      "epoch": 2.03,
      "learning_rate": 1.6205535751272744e-05,
      "loss": 0.3649,
      "step": 62000
    },
    {
      "epoch": 2.04,
      "learning_rate": 1.593299974926688e-05,
      "loss": 0.3685,
      "step": 62500
    },
    {
      "epoch": 2.06,
      "learning_rate": 1.5660463747261013e-05,
      "loss": 0.3609,
      "step": 63000
    },
    {
      "epoch": 2.08,
      "learning_rate": 1.5387927745255148e-05,
      "loss": 0.3647,
      "step": 63500
    },
    {
      "epoch": 2.09,
      "learning_rate": 1.5115391743249285e-05,
      "loss": 0.3558,
      "step": 64000
    },
    {
      "epoch": 2.11,
      "learning_rate": 1.484285574124342e-05,
      "loss": 0.3738,
      "step": 64500
    }
  ],
  "logging_steps": 500,
  "max_steps": 91731,
  "num_train_epochs": 3,
  "save_steps": 500,
  "total_flos": 3.4177198344192e+16,
  "trial_name": null,
  "trial_params": null
}
