{
  "best_metric": null,
  "best_model_checkpoint": null,
  "epoch": 1.308172809628152,
  "eval_steps": 500,
  "global_step": 40000,
  "is_hyper_param_search": false,
  "is_local_process_zero": true,
  "is_world_process_zero": true,
  "log_history": [
    {
      "epoch": 0.02,
      "learning_rate": 4.972746399799414e-05,
      "loss": 0.5198,
      "step": 500
    },
    {
      "epoch": 0.03,
      "learning_rate": 4.945492799598827e-05,
      "loss": 0.5235,
      "step": 1000
    },
    {
      "epoch": 0.05,
      "learning_rate": 4.918239199398241e-05,
      "loss": 0.5094,
      "step": 1500
    },
    {
      "epoch": 0.07,
      "learning_rate": 4.890985599197654e-05,
      "loss": 0.5045,
      "step": 2000
    },
    {
      "epoch": 0.08,
      "learning_rate": 4.863731998997067e-05,
      "loss": 0.5033,
      "step": 2500
    },
    {
      "epoch": 0.1,
      "learning_rate": 4.836478398796481e-05,
      "loss": 0.5161,
      "step": 3000
    },
    {
      "epoch": 0.11,
      "learning_rate": 4.809224798595895e-05,
      "loss": 0.517,
      "step": 3500
    },
    {
      "epoch": 0.13,
      "learning_rate": 4.781971198395308e-05,
      "loss": 0.5049,
      "step": 4000
    },
    {
      "epoch": 0.15,
      "learning_rate": 4.754717598194722e-05,
      "loss": 0.5064,
      "step": 4500
    },
    {
      "epoch": 0.16,
      "learning_rate": 4.727463997994135e-05,
      "loss": 0.5095,
      "step": 5000
    },
    {
      "epoch": 0.18,
      "learning_rate": 4.700210397793548e-05,
      "loss": 0.5253,
      "step": 5500
    },
    {
      "epoch": 0.2,
      "learning_rate": 4.672956797592962e-05,
      "loss": 0.5135,
      "step": 6000
    },
    {
      "epoch": 0.21,
      "learning_rate": 4.645703197392376e-05,
      "loss": 0.5133,
      "step": 6500
    },
    {
      "epoch": 0.23,
      "learning_rate": 4.618449597191789e-05,
      "loss": 0.5175,
      "step": 7000
    },
    {
      "epoch": 0.25,
      "learning_rate": 4.591195996991203e-05,
      "loss": 0.515,
      "step": 7500
    },
    {
      "epoch": 0.26,
      "learning_rate": 4.563942396790617e-05,
      "loss": 0.5117,
      "step": 8000
    },
    {
      "epoch": 0.28,
      "learning_rate": 4.53668879659003e-05,
      "loss": 0.5087,
      "step": 8500
    },
    {
      "epoch": 0.29,
      "learning_rate": 4.509435196389443e-05,
      "loss": 0.5139,
      "step": 9000
    },
    {
      "epoch": 0.31,
      "learning_rate": 4.482181596188857e-05,
      "loss": 0.5124,
      "step": 9500
    },
    {
      "epoch": 0.33,
      "learning_rate": 4.45492799598827e-05,
      "loss": 0.5035,
      "step": 10000
    },
    {
      "epoch": 0.34,
      "learning_rate": 4.427674395787684e-05,
      "loss": 0.5234,
      "step": 10500
    },
    {
      "epoch": 0.36,
      "learning_rate": 4.4004207955870976e-05,
      "loss": 0.5142,
      "step": 11000
    },
    {
      "epoch": 0.38,
      "learning_rate": 4.373167195386511e-05,
      "loss": 0.5128,
      "step": 11500
    },
    {
      "epoch": 0.39,
      "learning_rate": 4.3459135951859245e-05,
      "loss": 0.5184,
      "step": 12000
    },
    {
      "epoch": 0.41,
      "learning_rate": 4.318659994985338e-05,
      "loss": 0.512,
      "step": 12500
    },
    {
      "epoch": 0.43,
      "learning_rate": 4.291406394784751e-05,
      "loss": 0.5288,
      "step": 13000
    },
    {
      "epoch": 0.44,
      "learning_rate": 4.264152794584165e-05,
      "loss": 0.514,
      "step": 13500
    },
    {
      "epoch": 0.46,
      "learning_rate": 4.2368991943835785e-05,
      "loss": 0.5074,
      "step": 14000
    },
    {
      "epoch": 0.47,
      "learning_rate": 4.2096455941829916e-05,
      "loss": 0.5187,
      "step": 14500
    },
    {
      "epoch": 0.49,
      "learning_rate": 4.1823919939824055e-05,
      "loss": 0.5129,
      "step": 15000
    },
    {
      "epoch": 0.51,
      "learning_rate": 4.1551383937818186e-05,
      "loss": 0.5272,
      "step": 15500
    },
    {
      "epoch": 0.52,
      "learning_rate": 4.127884793581232e-05,
      "loss": 0.5186,
      "step": 16000
    },
    {
      "epoch": 0.54,
      "learning_rate": 4.1006311933806456e-05,
      "loss": 0.5117,
      "step": 16500
    },
    {
      "epoch": 0.56,
      "learning_rate": 4.0733775931800594e-05,
      "loss": 0.5164,
      "step": 17000
    },
    {
      "epoch": 0.57,
      "learning_rate": 4.0461239929794725e-05,
      "loss": 0.5261,
      "step": 17500
    },
    {
      "epoch": 0.59,
      "learning_rate": 4.0188703927788864e-05,
      "loss": 0.5204,
      "step": 18000
    },
    {
      "epoch": 0.61,
      "learning_rate": 3.9916167925783e-05,
      "loss": 0.5117,
      "step": 18500
    },
    {
      "epoch": 0.62,
      "learning_rate": 3.964363192377713e-05,
      "loss": 0.5138,
      "step": 19000
    },
    {
      "epoch": 0.64,
      "learning_rate": 3.9371095921771265e-05,
      "loss": 0.515,
      "step": 19500
    },
    {
      "epoch": 0.65,
      "learning_rate": 3.90985599197654e-05,
      "loss": 0.5099,
      "step": 20000
    },
    {
      "epoch": 0.67,
      "learning_rate": 3.8826023917759534e-05,
      "loss": 0.5307,
      "step": 20500
    },
    {
      "epoch": 0.69,
      "learning_rate": 3.855348791575367e-05,
      "loss": 0.5262,
      "step": 21000
    },
    {
      "epoch": 0.7,
      "learning_rate": 3.828095191374781e-05,
      "loss": 0.5238,
      "step": 21500
    },
    {
      "epoch": 0.72,
      "learning_rate": 3.800841591174194e-05,
      "loss": 0.5174,
      "step": 22000
    },
    {
      "epoch": 0.74,
      "learning_rate": 3.7735879909736074e-05,
      "loss": 0.511,
      "step": 22500
    },
    {
      "epoch": 0.75,
      "learning_rate": 3.746334390773021e-05,
      "loss": 0.5205,
      "step": 23000
    },
    {
      "epoch": 0.77,
      "learning_rate": 3.7190807905724344e-05,
      "loss": 0.5136,
      "step": 23500
    },
    {
      "epoch": 0.78,
      "learning_rate": 3.691827190371848e-05,
      "loss": 0.5165,
      "step": 24000
    },
    {
      "epoch": 0.8,
      "learning_rate": 3.664573590171262e-05,
      "loss": 0.52,
      "step": 24500
    },
    {
      "epoch": 0.82,
      "learning_rate": 3.637319989970675e-05,
      "loss": 0.5213,
      "step": 25000
    },
    {
      "epoch": 0.83,
      "learning_rate": 3.610066389770089e-05,
      "loss": 0.5175,
      "step": 25500
    },
    {
      "epoch": 0.85,
      "learning_rate": 3.582812789569502e-05,
      "loss": 0.5161,
      "step": 26000
    },
    {
      "epoch": 0.87,
      "learning_rate": 3.555559189368916e-05,
      "loss": 0.5129,
      "step": 26500
    },
    {
      "epoch": 0.88,
      "learning_rate": 3.528305589168329e-05,
      "loss": 0.5223,
      "step": 27000
    },
    {
      "epoch": 0.9,
      "learning_rate": 3.501051988967743e-05,
      "loss": 0.515,
      "step": 27500
    },
    {
      "epoch": 0.92,
      "learning_rate": 3.473798388767157e-05,
      "loss": 0.5116,
      "step": 28000
    },
    {
      "epoch": 0.93,
      "learning_rate": 3.44654478856657e-05,
      "loss": 0.5219,
      "step": 28500
    },
    {
      "epoch": 0.95,
      "learning_rate": 3.419291188365984e-05,
      "loss": 0.518,
      "step": 29000
    },
    {
      "epoch": 0.96,
      "learning_rate": 3.392037588165397e-05,
      "loss": 0.5144,
      "step": 29500
    },
    {
      "epoch": 0.98,
      "learning_rate": 3.36478398796481e-05,
      "loss": 0.5208,
      "step": 30000
    },
    {
      "epoch": 1.0,
      "learning_rate": 3.337530387764224e-05,
      "loss": 0.5085,
      "step": 30500
    },
    {
      "epoch": 1.01,
      "learning_rate": 3.3102767875636376e-05,
      "loss": 0.4765,
      "step": 31000
    },
    {
      "epoch": 1.03,
      "learning_rate": 3.283023187363051e-05,
      "loss": 0.4553,
      "step": 31500
    },
    {
      "epoch": 1.05,
      "learning_rate": 3.2557695871624646e-05,
      "loss": 0.4561,
      "step": 32000
    },
    {
      "epoch": 1.06,
      "learning_rate": 3.228515986961878e-05,
      "loss": 0.4472,
      "step": 32500
    },
    {
      "epoch": 1.08,
      "learning_rate": 3.201262386761291e-05,
      "loss": 0.4497,
      "step": 33000
    },
    {
      "epoch": 1.1,
      "learning_rate": 3.174008786560705e-05,
      "loss": 0.4475,
      "step": 33500
    },
    {
      "epoch": 1.11,
      "learning_rate": 3.1467551863601185e-05,
      "loss": 0.4598,
      "step": 34000
    },
    {
      "epoch": 1.13,
      "learning_rate": 3.119501586159532e-05,
      "loss": 0.4575,
      "step": 34500
    },
    {
      "epoch": 1.14,
      "learning_rate": 3.0922479859589455e-05,
      "loss": 0.4535,
      "step": 35000
    },
    {
      "epoch": 1.16,
      "learning_rate": 3.0649943857583593e-05,
      "loss": 0.4622,
      "step": 35500
    },
    {
      "epoch": 1.18,
      "learning_rate": 3.037740785557772e-05,
      "loss": 0.4684,
      "step": 36000
    },
    {
      "epoch": 1.19,
      "learning_rate": 3.010487185357186e-05,
      "loss": 0.4511,
      "step": 36500
    },
    {
      "epoch": 1.21,
      "learning_rate": 2.9832335851565995e-05,
      "loss": 0.4621,
      "step": 37000
    },
    {
      "epoch": 1.23,
      "learning_rate": 2.9559799849560126e-05,
      "loss": 0.4543,
      "step": 37500
    },
    {
      "epoch": 1.24,
      "learning_rate": 2.9287263847554264e-05,
      "loss": 0.4578,
      "step": 38000
    },
    {
      "epoch": 1.26,
      "learning_rate": 2.90147278455484e-05,
      "loss": 0.4656,
      "step": 38500
    },
    {
      "epoch": 1.28,
      "learning_rate": 2.874219184354253e-05,
      "loss": 0.4515,
      "step": 39000
    },
    {
      "epoch": 1.29,
      "learning_rate": 2.846965584153667e-05,
      "loss": 0.4362,
      "step": 39500
    },
    {
      "epoch": 1.31,
      "learning_rate": 2.8197119839530807e-05,
      "loss": 0.4536,
      "step": 40000
    }
  ],
  "logging_steps": 500,
  "max_steps": 91731,
  "num_train_epochs": 3,
  "save_steps": 500,
  "total_flos": 2.119516176384e+16,
  "trial_name": null,
  "trial_params": null
}
