{
  "best_metric": null,
  "best_model_checkpoint": null,
  "epoch": 0.6704385649344279,
  "eval_steps": 500,
  "global_step": 20500,
  "is_hyper_param_search": false,
  "is_local_process_zero": true,
  "is_world_process_zero": true,
  "log_history": [
    {
      "epoch": 0.02,
      "learning_rate": 4.972746399799414e-05,
      "loss": 0.5198,
      "step": 500
    },
    {
      "epoch": 0.03,
      "learning_rate": 4.945492799598827e-05,
      "loss": 0.5235,
      "step": 1000
    },
    {
      "epoch": 0.05,
      "learning_rate": 4.918239199398241e-05,
      "loss": 0.5094,
      "step": 1500
    },
    {
      "epoch": 0.07,
      "learning_rate": 4.890985599197654e-05,
      "loss": 0.5045,
      "step": 2000
    },
    {
      "epoch": 0.08,
      "learning_rate": 4.863731998997067e-05,
      "loss": 0.5033,
      "step": 2500
    },
    {
      "epoch": 0.1,
      "learning_rate": 4.836478398796481e-05,
      "loss": 0.5161,
      "step": 3000
    },
    {
      "epoch": 0.11,
      "learning_rate": 4.809224798595895e-05,
      "loss": 0.517,
      "step": 3500
    },
    {
      "epoch": 0.13,
      "learning_rate": 4.781971198395308e-05,
      "loss": 0.5049,
      "step": 4000
    },
    {
      "epoch": 0.15,
      "learning_rate": 4.754717598194722e-05,
      "loss": 0.5064,
      "step": 4500
    },
    {
      "epoch": 0.16,
      "learning_rate": 4.727463997994135e-05,
      "loss": 0.5095,
      "step": 5000
    },
    {
      "epoch": 0.18,
      "learning_rate": 4.700210397793548e-05,
      "loss": 0.5253,
      "step": 5500
    },
    {
      "epoch": 0.2,
      "learning_rate": 4.672956797592962e-05,
      "loss": 0.5135,
      "step": 6000
    },
    {
      "epoch": 0.21,
      "learning_rate": 4.645703197392376e-05,
      "loss": 0.5133,
      "step": 6500
    },
    {
      "epoch": 0.23,
      "learning_rate": 4.618449597191789e-05,
      "loss": 0.5175,
      "step": 7000
    },
    {
      "epoch": 0.25,
      "learning_rate": 4.591195996991203e-05,
      "loss": 0.515,
      "step": 7500
    },
    {
      "epoch": 0.26,
      "learning_rate": 4.563942396790617e-05,
      "loss": 0.5117,
      "step": 8000
    },
    {
      "epoch": 0.28,
      "learning_rate": 4.53668879659003e-05,
      "loss": 0.5087,
      "step": 8500
    },
    {
      "epoch": 0.29,
      "learning_rate": 4.509435196389443e-05,
      "loss": 0.5139,
      "step": 9000
    },
    {
      "epoch": 0.31,
      "learning_rate": 4.482181596188857e-05,
      "loss": 0.5124,
      "step": 9500
    },
    {
      "epoch": 0.33,
      "learning_rate": 4.45492799598827e-05,
      "loss": 0.5035,
      "step": 10000
    },
    {
      "epoch": 0.34,
      "learning_rate": 4.427674395787684e-05,
      "loss": 0.5234,
      "step": 10500
    },
    {
      "epoch": 0.36,
      "learning_rate": 4.4004207955870976e-05,
      "loss": 0.5142,
      "step": 11000
    },
    {
      "epoch": 0.38,
      "learning_rate": 4.373167195386511e-05,
      "loss": 0.5128,
      "step": 11500
    },
    {
      "epoch": 0.39,
      "learning_rate": 4.3459135951859245e-05,
      "loss": 0.5184,
      "step": 12000
    },
    {
      "epoch": 0.41,
      "learning_rate": 4.318659994985338e-05,
      "loss": 0.512,
      "step": 12500
    },
    {
      "epoch": 0.43,
      "learning_rate": 4.291406394784751e-05,
      "loss": 0.5288,
      "step": 13000
    },
    {
      "epoch": 0.44,
      "learning_rate": 4.264152794584165e-05,
      "loss": 0.514,
      "step": 13500
    },
    {
      "epoch": 0.46,
      "learning_rate": 4.2368991943835785e-05,
      "loss": 0.5074,
      "step": 14000
    },
    {
      "epoch": 0.47,
      "learning_rate": 4.2096455941829916e-05,
      "loss": 0.5187,
      "step": 14500
    },
    {
      "epoch": 0.49,
      "learning_rate": 4.1823919939824055e-05,
      "loss": 0.5129,
      "step": 15000
    },
    {
      "epoch": 0.51,
      "learning_rate": 4.1551383937818186e-05,
      "loss": 0.5272,
      "step": 15500
    },
    {
      "epoch": 0.52,
      "learning_rate": 4.127884793581232e-05,
      "loss": 0.5186,
      "step": 16000
    },
    {
      "epoch": 0.54,
      "learning_rate": 4.1006311933806456e-05,
      "loss": 0.5117,
      "step": 16500
    },
    {
      "epoch": 0.56,
      "learning_rate": 4.0733775931800594e-05,
      "loss": 0.5164,
      "step": 17000
    },
    {
      "epoch": 0.57,
      "learning_rate": 4.0461239929794725e-05,
      "loss": 0.5261,
      "step": 17500
    },
    {
      "epoch": 0.59,
      "learning_rate": 4.0188703927788864e-05,
      "loss": 0.5204,
      "step": 18000
    },
    {
      "epoch": 0.61,
      "learning_rate": 3.9916167925783e-05,
      "loss": 0.5117,
      "step": 18500
    },
    {
      "epoch": 0.62,
      "learning_rate": 3.964363192377713e-05,
      "loss": 0.5138,
      "step": 19000
    },
    {
      "epoch": 0.64,
      "learning_rate": 3.9371095921771265e-05,
      "loss": 0.515,
      "step": 19500
    },
    {
      "epoch": 0.65,
      "learning_rate": 3.90985599197654e-05,
      "loss": 0.5099,
      "step": 20000
    },
    {
      "epoch": 0.67,
      "learning_rate": 3.8826023917759534e-05,
      "loss": 0.5307,
      "step": 20500
    }
  ],
  "logging_steps": 500,
  "max_steps": 91731,
  "num_train_epochs": 3,
  "save_steps": 500,
  "total_flos": 1.0862520403968e+16,
  "trial_name": null,
  "trial_params": null
}
