{
  "best_metric": null,
  "best_model_checkpoint": null,
  "epoch": 0.0654086404814076,
  "eval_steps": 500,
  "global_step": 2000,
  "is_hyper_param_search": false,
  "is_local_process_zero": true,
  "is_world_process_zero": true,
  "log_history": [
    {
      "epoch": 0.02,
      "learning_rate": 4.972746399799414e-05,
      "loss": 0.5198,
      "step": 500
    },
    {
      "epoch": 0.03,
      "learning_rate": 4.945492799598827e-05,
      "loss": 0.5235,
      "step": 1000
    },
    {
      "epoch": 0.05,
      "learning_rate": 4.918239199398241e-05,
      "loss": 0.5094,
      "step": 1500
    },
    {
      "epoch": 0.07,
      "learning_rate": 4.890985599197654e-05,
      "loss": 0.5045,
      "step": 2000
    }
  ],
  "logging_steps": 500,
  "max_steps": 91731,
  "num_train_epochs": 3,
  "save_steps": 500,
  "total_flos": 1059758088192000.0,
  "trial_name": null,
  "trial_params": null
}
